"label","comnam","scinam"
"AchipteriaColeoptrata","","Achipteria coleoptrata"
"AchipteriaSp1DEW","","Achipteria sp. 1 DEW"
"AeroppiaSp1DEW","","Aeroppia sp. 1 DEW"
"AllosuctobelbaGigantea","","Allosuctobelba gigantea"
"AllosuctobelbaSp2DEW","","Allosuctobelba sp. 2 DEW"
"AmetroproctusOresbios","","Ametroproctus oresbios"
"AmetroproctusReticulatus","","Ametroproctus reticulatus"
"AnachipteriaHowardi","","Anachipteria howardi"
"AnachipteriaSp1DEW","","Anachipteria sp. 1 DEW"
"AstegistesSp1DEW","","Astegistes sp. 1 DEW"
"AtropacarusStriculus","","Atropacarus striculus"
"AutognetaLongilamellata","","Autogneta longilamellata"
"AutognetaSp2DEW","","Autogneta sp. 2 DEW"
"BanksinomaLanceolataCanadensis","","Banksinoma lanceolata canadensis"
"BanksinomaSpinifera","","Banksinoma spinifera"
"BelbaSpADEW","","Belba sp. A DEW"
"BipassalozetesIntermedius","","Bipassalozetes intermedius"
"CamisiaBiurus","","Camisia biurus"
"CamisiaBiverrucata","","Camisia biverrucata"
"CamisiaHorrida","","Camisia horrida"
"CamisiaSp1DEW","","Camisia sp. 1 DEW"
"CamisiaSpinifer","","Camisia spinifer"
"CarabodesGranulatus","","Carabodes granulatus"
"CarabodesLabyrinthicus","","Carabodes labyrinthicus"
"CarabodesPolyporetes","","Carabodes polyporetes"
"CarabodesWonalancetanus","","Carabodes wonalancetanus"
"CepheusSp1DEW","","Cepheus sp. 1 DEW"
"CepheusSp2DEW","","Cepheus sp. 2 DEW"
"CepheusSp2BDEW","","Cepheus sp. 2B DEW"
"CeratoppiaBipilis","","Ceratoppia bipilis"
"CeratoppiaQuadridentataArctica","","Ceratoppia quadridentata arctica"
"CeratozetesCuspidatus","","Ceratozetes cuspidatus"
"CeratozetesEnodis","","Ceratozetes enodis"
"CeratozetesGracilis","","Ceratozetes gracilis"
"CeratozetesKananaskis","","Ceratozetes kananaskis"
"CeratozetesMediocris","","Ceratozetes mediocris"
"CeratozetesParvulus","","Ceratozetes parvulus"
"CeratozetesThienemanni","","Ceratozetes thienemanni"
"ChamobatesCuspidatus","","Chamobates cuspidatus"
"ChamobatesSp2DEW","","Chamobates sp. 2 DEW"
"CyrtozetesSp1DEW","","Cyrtozetes sp. 1 DEW"
"DentizetesLedensis","","Dentizetes ledensis"
"DentizetesRudentiger","","Dentizetes rudentiger"
"DiapterobatesHumeralis","","Diapterobates humeralis"
"DiapterobatesSitnikovae","","Diapterobates sitnikovae"
"DiapterobatesVariabilis","","Diapterobates variabilis"
"DometorinaPlantivaga","","Dometorina plantivaga"
"DorycranosusAcutidens","","Dorycranosus acutidens"
"DorycranosusParallelus","","Dorycranosus parallelus"
"DorycranosusSp3DEW","","Dorycranosus sp. 3 DEW"
"DorycranosusSp4DEW","","Dorycranosus sp. 4 DEW"
"DyobelbaSp1DEW","","Dyobelba sp. 1 DEW"
"DyobelbaSp2DEW","","Dyobelba sp. 2 DEW"
"EniochthoniusCrosbyi","","Eniochthonius crosbyi"
"EniochthoniusMahunkai","","Eniochthonius mahunkai"
"EniochthoniusMinutissimus","","Eniochthonius minutissimus"
"EpidamaeusArcticola","","Epidamaeus arcticola"
"EpidamaeusCoxalis","","Epidamaeus coxalis"
"EpidamaeusFloccosus","","Epidamaeus floccosus"
"EpidamaeusFortispinosus","","Epidamaeus fortispinosus"
"EpidamaeusKoyukon","","Epidamaeus koyukon"
"EpidamaeusSp1DEW","","Epidamaeus sp. 1 DEW"
"EpidamaeusSp10DEW","","Epidamaeus sp. 10 DEW"
"EpidamaeusSp11DEW","","Epidamaeus sp. 11 DEW"
"EpidamaeusSp2DEW","","Epidamaeus sp. 2 DEW"
"EpidamaeusSp3DEW","","Epidamaeus sp. 3 DEW"
"EpidamaeusSp4DEW","","Epidamaeus sp. 4 DEW"
"EpidamaeusSp5DEW","","Epidamaeus sp. 5 DEW"
"EpidamaeusSp6DEW","","Epidamaeus sp. 6 DEW"
"EpidamaeusSp7DEW","","Epidamaeus sp. 7 DEW"
"EpidamaeusSp8DEW","","Epidamaeus sp. 8 DEW"
"EpidamaeusSp9DEW","","Epidamaeus sp. 9 DEW"
"EpidamaeusTritylos","","Epidamaeus tritylos"
"EporibatulaSp1DEW","","Eporibatula sp. 1 DEW"
"EremaeusTranslamellatus","","Eremaeus translamellatus"
"EremaeusWalteri","","Eremaeus walteri"
"EueremaeusAridulus","","Eueremaeus aridulus"
"EueremaeusChiatous","","Eueremaeus chiatous"
"EueremaeusFoveolatus","","Eueremaeus foveolatus"
"EueremaeusMarshalli","","Eueremaeus marshalli"
"EueremaeusMarshalliEueremaeusQuadrilamellatus","","Eueremaeus marshalli / Eueremaeus quadrilamellatus"
"EueremaeusMasinasin","","Eueremaeus masinasin"
"EueremaeusQuadrilamellatus","","Eueremaeus quadrilamellatus"
"EueremaeusTetrosus","","Eueremaeus tetrosus"
"EupelopsSeptentrionalis","","Eupelops septentrionalis"
"EupelopsSp2DEW","","Eupelops sp. 2 DEW"
"EupelopsSp3DEW","","Eupelops sp. 3 DEW"
"EuphthiracarusFlavus","","Euphthiracarus flavus"
"EuphthiracarusFulvus","","Euphthiracarus fulvus"
"EupterotegaeusRhamphosus","","Eupterotegaeus rhamphosus"
"EupterotegaeusRostratus","","Eupterotegaeus rostratus"
"ExochocepheusEremitus","","Exochocepheus eremitus"
"FuscozetesFuscipes","","Fuscozetes fuscipes"
"GalumnaSp1DEW","","Galumna sp. 1 DEW"
"GalumnaSp2DEW","","Galumna sp. 2 DEW"
"GalumnaSp3DEW","","Galumna sp. 3 DEW"
"GalumnaSp4DEW","","Galumna sp. 4 DEW"
"GemmazetesSp1DEW","","Gemmazetes sp. 1 DEW"
"GustaviaSp1DEW","","Gustavia sp. 1 DEW"
"GymnodamaeusOrnatus","","Gymnodamaeus ornatus"
"GymnodamaeusSp1DEW","","Gymnodamaeus sp. 1 DEW"
"HafenferrefiaSp1DEW","","Hafenferrefia sp. 1 DEW"
"HafenferrefiaSp2DEW","","Hafenferrefia sp. 2 DEW"
"HemileiusHaydeni","","Hemileius haydeni"
"HeminothrusLongisetosus","","Heminothrus longisetosus"
"HeminothrusTargionii","","Heminothrus targionii"
"HeminothrusThori","","Heminothrus thori"
"HeminothrusYamasakii","","Heminothrus yamasakii"
"HermanniellaRobusta","","Hermanniella robusta"
"HeterozetesAquaticus","","Heterozetes aquaticus"
"HoplophthiracarusIllinoisensis","","Hoplophthiracarus illinoisensis"
"HydrozetesOctosetosus","","Hydrozetes octosetosus"
"HydrozetesSp1DEW","","Hydrozetes sp. 1 DEW"
"HydrozetesSp2DEW","","Hydrozetes sp. 2 DEW"
"HydrozetesSp3DEW","","Hydrozetes sp. 3 DEW"
"HydrozetesSpERAN","","Hydrozetes sp. E RAN"
"HypochthoniusRufulus","","Hypochthonius rufulus"
"IugoribatesGracilis","","Iugoribates gracilis"
"JacotellaQuadricaudicula","","Jacotella quadricaudicula"
"JornadiaLarreae","","Jornadia larreae"
"JoshuellaAgrosticula","","Joshuella agrosticula"
"LanibelbaSp1DEW","","Lanibelba sp. 1 DEW"
"LepidozetesSingularis","","Lepidozetes singularis"
"LepidozetesSp1DEW","","Lepidozetes sp. 1 DEW"
"LiacarusAcutidens","","Liacarus acutidens"
"LimnozetesCanadensis","","Limnozetes canadensis"
"LucoppiaBurrowsii","","Lucoppia burrowsii"
"MainothrusBadius","","Mainothrus badius"
"MalaconothrusMollisetosus","","Malaconothrus mollisetosus"
"MesotritiaNuda","","Mesotritia nuda"
"MoritzoppiaSp1DEW","","Moritzoppia sp. 1 DEW"
"MucronothrusNasalis","","Mucronothrus nasalis"
"MultioppiaSp1DEW","","Multioppia sp. 1 DEW"
"MycobatesAltus","","Mycobates altus"
"MycobatesDryas","","Mycobates dryas"
"MycobatesIncurvatus","","Mycobates incurvatus"
"MycobatesPerates","","Mycobates perates"
"NanhermanniaSp1DEW","","Nanhermannia sp. 1 DEW"
"NeogymnobatesLuteus","","Neogymnobates luteus"
"NeogymnobatesSp1DEW","","Neogymnobates sp. 1 DEW"
"NeonothrusHumicola","","Neonothrus humicola"
"NeoribatesAurantiacus","","Neoribates aurantiacus"
"NeoribatesSp1DEW","","Neoribates sp. 1 DEW"
"NeoribatesSp2DEW","","Neoribates sp. 2 DEW"
"NothrusAnauniensis","","Nothrus anauniensis"
"NothrusBorussicus","","Nothrus borussicus"
"NothrusParvus","","Nothrus parvus"
"NothrusPratensis","","Nothrus pratensis"
"NothrusSpBDEW","","Nothrus sp. B DEW"
"OppiaSp1DEW","","Oppia sp. 1 DEW"
"OppiellaSp3DEW","","Oppiella sp. 3 DEW"
"OppiellaWashburni","","Oppiella washburni"
"OribatellaAbmi","","Oribatella abmi"
"OribatellaBanksi","","Oribatella banksi"
"OribatellaEwingi","","Oribatella ewingi"
"OribatellaJacoti","","Oribatella jacoti"
"OribatellaPawnee","","Oribatella pawnee"
"OribatellaReticulatoides","","Oribatella reticulatoides"
"OribatellaYukonensis","","Oribatella yukonensis"
"OribatodesMirabilis","","Oribatodes mirabilis"
"OribatulaSp1DEW","","Oribatula sp. 1 DEW"
"ParachipteriaBella","","Parachipteria bella"
"ParachipteriaSp1DEW","","Parachipteria sp. 1 DEW"
"ParaleiusLeontonycha","","Paraleius leontonycha"
"ParapyroppiaSp1DEW","","Parapyroppia sp. 1 DEW"
"PelopsisBifurcatus","","Pelopsis bifurcatus"
"PeloptulusSp1DEW","","Peloptulus sp. 1 DEW"
"PeloribatesCanadensis","","Peloribates canadensis"
"PeloribatesPilosus","","Peloribates pilosus"
"PeloribatesSp3DEW","","Peloribates sp. 3 DEW"
"PeloribatesSp4DEW","","Peloribates sp. 4 DEW"
"PeloribatesSp5DEW","","Peloribates sp. 5 DEW"
"PergalumnaSp1DEW","","Pergalumna sp. 1 DEW"
"PhthiracarusBorealis","","Phthiracarus borealis"
"PhthiracarusBoresetosus","","Phthiracarus boresetosus"
"PhthiracarusValidus","","Phthiracarus validus"
"PilogalumnaSp1DEW","","Pilogalumna sp. 1 DEW"
"PilogalumnaSp2DEW","","Pilogalumna sp. 2 DEW"
"PlatynothrusPeltifer","","Platynothrus peltifer"
"PlatynothrusSibiricus","","Platynothrus sibiricus"
"PlatynothrusSp1DEW","","Platynothrus sp. 1 DEW"
"PlatynothrusYamasakii","","Platynothrus yamasakii"
"PleodamaeusPlokosus","","Pleodamaeus plokosus"
"PleodamaeusSp1DEW","","Pleodamaeus sp. 1 DEW"
"PodoribatesLongipes","","Podoribates longipes"
"PropelopsAlaskensis","","Propelops alaskensis"
"PropelopsCanadensis","","Propelops canadensis"
"PropelopsSp3DEW","","Propelops sp. 3 DEW"
"ProtoribatesHaughlandae","","Protoribates haughlandae"
"ProtoribatesRobustior","","Protoribates robustior"
"ProtoribotritiaSp1DEW","","Protoribotritia sp. 1 DEW"
"PunctoribatesPalustris","","Punctoribates palustris"
"PyroppiaSp1DEW","","Pyroppia sp. 1 DEW"
"QuatrobelbaMontana","","Quatrobelba montana"
"RhysotritiaArdua","","Rhysotritia ardua"
"RhysotritiaDiaphoros","","Rhysotritia diaphoros"
"RoynortonellaGildersleeveae","","Roynortonella gildersleeveae"
"RoynortonellaSp1DEW","","Roynortonella sp. 1 DEW"
"ScapheremaeusPalustris","","Scapheremaeus palustris"
"ScheloribatesLaevigatus","","Scheloribates laevigatus"
"ScheloribatesPallidulus","","Scheloribates pallidulus"
"ScheloribatesSp3DEW","","Scheloribates sp. 3 DEW"
"ScutozetesLanceolatus","","Scutozetes lanceolatus"
"SphaerozetesArcticus","","Sphaerozetes arcticus"
"SphaerozetesSp1DEW","","Sphaerozetes sp. 1 DEW"
"SuctobelbellaPunctata","","Suctobelbella punctata"
"SuctobelbellaSp2DEW","","Suctobelbella sp. 2 DEW"
"SuctobelbellaSp3DEW","","Suctobelbella sp. 3 DEW"
"SvalbardiaPaludicola","","Svalbardia paludicola"
"TectocepheusSarekensis","","Tectocepheus sarekensis"
"TectocepheusVelatus","","Tectocepheus velatus"
"TectoribatesAlcescampestris","","Tectoribates alcescampestris"
"TectoribatesBorealis","","Tectoribates borealis"
"TegoribatesAmericanus","","Tegoribates americanus"
"TenulialaSp1DEW","","Tenuliala sp. 1 DEW"
"TrhypochthoniellusSetosusCanadensis","","Trhypochthoniellus setosus canadensis"
"TrhypochthoniusCladonicola","","Trhypochthonius cladonicola"
"TrhypochthoniusNigricans","","Trhypochthonius nigricans"
"TrhypochthoniusTectorum","","Trhypochthonius tectorum"
"TrichoribatesCopperminensis","","Trichoribates copperminensis"
"TrichoribatesSp2DEW","","Trichoribates sp. 2 DEW"
"TrichoribatesSp3DEW","","Trichoribates sp. 3 DEW"
"TrichoribatesStriatus","","Trichoribates striatus"
"TrimalaconothrusFoveolatus","","Trimalaconothrus foveolatus"
"TrimalaconothrusMaior","","Trimalaconothrus maior"
"TrimalaconothrusSp3DEW","","Trimalaconothrus sp. 3 DEW"
"TrimalaconothrusSp4DEW","","Trimalaconothrus sp. 4 DEW"
"UnduloribatesDianae","","Unduloribates dianae"
"ZetomimusFrancisi","","Zetomimus francisi"
"ZetomimusSetosus","","Zetomimus setosus"
"ZygoribatulaBulanovae","","Zygoribatula bulanovae"
"ZygoribatulaSp1DEW","","Zygoribatula sp. 1 DEW"
"ZygoribatulaSp2DEW","","Zygoribatula sp. 2 DEW"
"ZygoribatulaSp3DEW","","Zygoribatula sp. 3 DEW"
"ZygoribatulaSp4DEW","","Zygoribatula sp. 4 DEW"
