label,comnam,scinam
AbiesBalsamea,Balsam Fir,Abies balsamea
AbiesBifolia,Subalpine Fir,Abies bifolia
AcerNegundo,Manitoba Maple,Acer negundo
AchilleaAlpina,Many Flowered Yarrow,Achillea alpina
AchilleaMillefolium,Common Yarrow,Achillea millefolium
AchnatherumHymenoides,Indian Ricegrass,Achnatherum hymenoides
AchnatherumNelsoniiSspDorei,Columbia Needle Grass,Achnatherum nelsonii
AchnatherumRichardsonii,Richardson's Needlegrass,Achnatherum richardsonii
AcorusAmericanus,Sweet Flag,Acorus americanus
ActaeaRubra,Red and White Baneberry,Actaea rubra
AdoxaMoschatellina,Moschatel,Adoxa moschatellina
AgastacheFoeniculum,Giant Hyssop,Agastache foeniculum
AgoserisAurantiaca,Orange False Dandelion,Agoseris aurantiaca
AgoserisGlauca,Yellow False Dandelion,Agoseris glauca
AgrimoniaStriata,Agrimony,Agrimonia striata
AgroelymusBowdenii,,Agroelymus bowdenii
AgropyronCristatum,,Agropyron cristatum
AgropyronFragile,,Agropyron fragile
AgrostisScabra,Rough Hair Grass,Agrostis scabra
AgrostisStolonifera,Redtop,Agrostis stolonifera
AlismaPlantagoaquatica,Broad Leaved Water Plantain,Alisma plantago-aquatica
AlismaTriviale,Broad Leaved Water Plantain,Alisma triviale
AlliumCernuum,Nodding Onion,Allium cernuum
AlliumSchoenoprasum,Wild Chives,Allium schoenoprasum
AlliumTextile,Prairie Onion,Allium textile
AlnusIncana,,Alnus incana
AlnusViridis,,Alnus viridis
AlopecurusAequalis,Short Awned Foxtail,Alopecurus aequalis
AlopecurusPratensis,Meadow Foxtail,Alopecurus pratensis
AlyssumAlyssoides,,Alyssum alyssoides
AmaranthusAlbus,Tumbleweed,Amaranthus albus
AmaranthusBlitoides,,Amaranthus blitoides
AmaranthusGraecizans,Prostrate Amaranth,Amaranthus graecizans
AmaranthusRetroflexus,Red Root Pigweed,Amaranthus retroflexus
AmbrosiaChamissonis,,Ambrosia chamissonis
AmelanchierAlnifolia,Saskatoon,Amelanchier alnifolia
AmerorchisRotundifolia,,Amerorchis rotundifolia
AnaphalisMargaritacea,Pearly Everlasting,Anaphalis margaritacea
AndromedaPolifolia,Bog Rosemary,Andromeda polifolia
AndrosaceChamaejasme,Sweet Flowered Androsace,Androsace chamaejasme
AndrosaceOccidentalis,Western Fairy Candelabra,Androsace occidentalis
AndrosaceSeptentrionalis,Northern Fairy Candelabra,Androsace septentrionalis
AnemoneCanadensis,Canada Anemone,Anemone canadensis
AnemoneCylindrica,Long Fruited Anemone,Anemone cylindrica
AnemoneMultifida,Cut Leaved Anemone,Anemone multifida
AnemoneOccidentalis,Western Anemone,Anemone occidentalis
AnemoneParviflora,Small Wood Anemone,Anemone parviflora
AnemonePatens,Prairie Crocus,Anemone patens
AnemoneQuinquefolia,Wood Anemone,Anemone quinquefolia
AnemoneRichardsonii,Yellow Anemone,Anemone richardsonii
AnemoneVirginianaVarCylindroidea,,Anemone virginiana
AnethumGraveolens,Dill,Anethum graveolens
AngelicaDawsonii,Yellow Angelica,Angelica dawsonii
AngelicaGenuflexa,Kneeling Angelica,Angelica genuflexa
AntennariaAlpina,Alpine Everlasting,Antennaria alpina
AntennariaAnaphaloides,Tall Everlasting,Antennaria anaphaloides
AntennariaLanata,Woolly Everlasting,Antennaria lanata
AntennariaMedia,Stony Mountain Pussytoes,Antennaria media
AntennariaMicrophylla,Small Leaf Cat,Antennaria microphylla
AntennariaNeglecta,Broad Leaved Everlasting,Antennaria neglecta
AntennariaParvifolia,Small Leaved Everlasting,Antennaria parvifolia
AntennariaPulcherrima,Showy Everlasting,Antennaria pulcherrima
AntennariaRacemosa,Racemose Everlasting,Antennaria racemosa
AntennariaRosea,Rosy Everlasting,Antennaria rosea
AnthoxanthumHirtum,Sweet Grass,Anthoxanthum hirtum
ApocynumAndrosaemifolium,Spreading Dogbane,Apocynum androsaemifolium
ApocynumCannabinum,Indian Hemp,Apocynum cannabinum
AquilegiaBrevistyla,Blue Columbine,Aquilegia brevistyla
AquilegiaFlavescens,Yellow Columbine,Aquilegia flavescens
AquilegiaFormosa,Sitka Columbine,Aquilegia formosa
ArabidopsisLyrata,Lyre Leaved Rock Cress,Arabidopsis lyrata
ArabisDrummondii,,Arabis drummondii
ArabisHolboellii,,Arabis holboellii
ArabisPycnocarpa,,Arabis pycnocarpa
AraliaNudicaulis,Wild Sarsaparilla,Aralia nudicaulis
ArceuthobiumAmericanum,Dwarf Mistletoe,Arceuthobium americanum
ArctagrostisLatifoliaSspArundinacea,,Arctagrostis latifolia
ArctiumMinus,Common Burdock,Arctium minus
ArctiumTomentosum,Woolly Burdock,Arctium tomentosum
ArctostaphylosRubra,Alpine Bearberry,Arctostaphylos rubra
ArctostaphylosUvaursi,Common Bearberry,Arctostaphylos uva-ursi
ArnicaAngustifolia,Narrowleaf Leopardbane,Arnica angustifolia
ArnicaChamissonis,Leafy Arnica,Arnica chamissonis
ArnicaCordifolia,Heart Leaved Arnica,Arnica cordifolia
ArnicaFulgens,Shining Arnica,Arnica fulgens
ArnicaLatifolia,Broad Leaved Arnica,Arnica latifolia
ArnicaLonchophylla,Spear Leaved Arnica,Arnica lonchophylla
ArnicaMollis,Cordilleran Arnica,Arnica mollis
ArnicaSororia,Twin Arnica,Arnica sororia
ArtemisiaAbsinthium,Absinthe Wormwood,Artemisia absinthium
ArtemisiaBiennis,Biennial Sagewort,Artemisia biennis
ArtemisiaCampestris,Plains Wormwood,Artemisia campestris
ArtemisiaCana,Silver Sagebrush,Artemisia cana
ArtemisiaDracunculus,Dragonwort,Artemisia dracunculus
ArtemisiaFrigida,Pasture Sagewort,Artemisia frigida
ArtemisiaLongifolia,Long Leaved Sagewort,Artemisia longifolia
ArtemisiaLudoviciana,Prairie Sagewort,Artemisia ludoviciana
ArtemisiaMichauxiana,Michaux's Sagewort,Artemisia michauxiana
ArtemisiaNorvegica,Mountain Sagewort,Artemisia norvegica
AsclepiasOvalifolia,Low Milkweed,Asclepias ovalifolia
AsclepiasSpeciosa,Showy Milkweed,Asclepias speciosa
AsparagusOfficinalis,Asparagus,Asparagus officinalis
AsterAlpinus,Alpine Aster,Aster alpinus
AstragalusAdsurgens,,Astragalus adsurgens
AstragalusAgrestis,Purple Milkvetch,Astragalus agrestis
AstragalusAlpinus,Alpine Milk Vetch,Astragalus alpinus
AstragalusAmericanus,American Milk Vetch,Astragalus americanus
AstragalusAustralis,Indian Milkvetch,Astragalus australis
AstragalusBisulcatus,Two Grooved Milk Vetch,Astragalus bisulcatus
AstragalusBodinii,Bodin's Milk Vetch,Astragalus bodinii
AstragalusCanadensis,Canadian Milk Vetch,Astragalus canadensis
AstragalusCicer,Cicer Milk Vetch,Astragalus cicer
AstragalusCrassicarpus,Ground Plum,Astragalus crassicarpus
AstragalusDrummondii,Drummond's Milk Vetch,Astragalus drummondii
AstragalusEucosmus,,Astragalus eucosmus
AstragalusFlexuosus,Slender Milk Vetch,Astragalus flexuosus
AstragalusGilviflorus,Cushion Milk Vetch,Astragalus gilviflorus
AstragalusLaxmanniiVarRobustior,,Astragalus laxmannii
AstragalusLotiflorus,Low Milk Vetch,Astragalus lotiflorus
AstragalusMiser,Timber Milk Vetch,Astragalus miser
AstragalusMissouriensis,Missouri Milk Vetch,Astragalus missouriensis
AstragalusMultiflorus,,Astragalus multiflorus
AstragalusPectinatus,Narrow Leaved Milk Vetch,Astragalus pectinatus
AstragalusPurshii,Pursh's Milk Vetch,Astragalus purshii
AstragalusSpatulatus,Tufted Milk Vetch,Astragalus spatulatus
AstragalusVexilliflexus,Few Flowered Milk Vetch,Astragalus vexilliflexus
AthyriumFilixfemina,Lady Fern,Athyrium filix-femina
AtriplexArgentea,Silver Saltbush,Atriplex argentea
AtriplexCanescens,Saltbush,Atriplex canescens
AtriplexGardneri,Gardner's Saltbush,Atriplex gardneri
AvenaFatua,Wild Oat,Avena fatua
AvenaSativa,Cultivated Oat,Avena sativa
AvenulaHookeri,Spikeoat,Avenula hookeri
AxyrisAmaranthoides,Russian Pigweed,Axyris amaranthoides
BeckmanniaSyzigachne,Slough Grass,Beckmannia syzigachne
BetulaGlandulosa,Bog Birch,Betula glandulosa
BetulaNeoalaskana,Alaska Birch,Betula neoalaskana
BetulaOccidentalis,Water Birch,Betula occidentalis
BetulaPapyrifera,Paper Birch,Betula papyrifera
BetulaPendula,Silver Birch,Betula pendula
BetulaPumila,Dwarf Birch,Betula pumila
BidensCernua,Nodding Beggarticks,Bidens cernua
BistortaBistortoides,,Bistorta bistortoides
BistortaVivipara,,Bistorta vivipara
BoecheraDivaricarpa,,Boechera divaricarpa
BoecheraGrahamii,,Boechera grahamii
BolboschoenusMaritimusSspPaludosus,,Bolboschoenus maritimus
BotrychiumDusenii,Grape Fern,Botrychium dusenii
BotrychiumLunaria,Moonwort,Botrychium lunaria
BotrychiumVirginianum,Virginia Grape Fern,Botrychium virginianum
BoutelouaGracilis,Blue Grama,Bouteloua gracilis
BrassicaNapus,Argentine Canola,Brassica napus
BrassicaRapa,Bird,Brassica rapa
BromusAnomalus,Nodding Brome,Bromus anomalus
BromusCarinatus,Keeled Brome,Bromus carinatus
BromusCiliatus,Fringed Brome,Bromus ciliatus
BromusInermis,Awnless Brome,Bromus inermis
BromusJaponicus,Japanese Chess,Bromus japonicus
BromusLatiglumis,Canada Brome,Bromus latiglumis
BromusPumpellianus,Pumpelly,Bromus pumpellianus
BromusTectorum,Downy Chess,Bromus tectorum
CalamagrostisCanadensis,Bluejoint,Calamagrostis canadensis
CalamagrostisMontanensis,Plains Reed Grass,Calamagrostis montanensis
CalamagrostisPurpurascens,Purple Reed Grass,Calamagrostis purpurascens
CalamagrostisRubescens,Pine Reed Grass,Calamagrostis rubescens
CalamagrostisStricta,Narrow Reed Grass,Calamagrostis stricta
CalamovilfaLongifolia,Sand Grass,Calamovilfa longifolia
CallaPalustris,Water Arum,Calla palustris
CallitricheHermaphroditica,Northern Water Starwort,Callitriche hermaphroditica
CallitrichePalustris,Vernal Water Starwort,Callitriche palustris
CalthaNatans,Floating Marsh Marigold,Caltha natans
CalthaPalustris,Marsh Marigold,Caltha palustris
CalypsoBulbosa,Venus' Slipper,Calypso bulbosa
CamassiaQuamash,Blue Camas,Camassia quamash
CamelinaMicrocarpa,,Camelina microcarpa
CampanulaRapunculoides,Garden Bluebell,Campanula rapunculoides
CampanulaRotundifolia,Harebell,Campanula rotundifolia
CampanulaUniflora,Alpine Harebell,Campanula uniflora
CanadanthusModestus,Large Northern Aster,Canadanthus modestus
CapsellaBursapastoris,Shepherd,Capsella bursa-pastoris
CaraganaArborescens,Common Caragana,Caragana arborescens
CardaminePensylvanica,Bitter Cress,Cardamine pensylvanica
CarexAdusta,Browned Sedge,Carex adusta
CarexAperta,Open Sedge,Carex aperta
CarexAquatilis,Water Sedge,Carex aquatilis
CarexAtherodes,Awned Sedge,Carex atherodes
CarexAthrostachya,Long Bracted Sedge,Carex athrostachya
CarexAtratiformis,Raymond,Carex atratiformis
CarexAtrosquama,Dark Scaled Sedge,Carex atrosquama
CarexAurea,Golden Sedge,Carex aurea
CarexBackii,Back's Sedge,Carex backii
CarexBebbii,Bebb's Sedge,Carex bebbii
CarexBrevior,Slender Beaked Sedge,Carex brevior
CarexBrunnescens,Brownish Sedge,Carex brunnescens
CarexBuxbaumii,Brown Sedge,Carex buxbaumii
CarexCanescens,Short Sedge,Carex canescens
CarexCapillaris,Hair Like Sedge,Carex capillaris
CarexCapitata,Capitate Sedge,Carex capitata
CarexChordorrhiza,Prostrate Sedge,Carex chordorrhiza
CarexConcinna,Beautiful Sedge,Carex concinna
CarexCrawei,Crawe,Carex crawei
CarexCrawfordii,Crawford's Sedge,Carex crawfordii
CarexDeflexa,Bent Sedge,Carex deflexa
CarexDeweyana,Dewey's Sedge,Carex deweyana
CarexDiandra,Two Stamened Sedge,Carex diandra
CarexDisperma,Two Seeded Sedge,Carex disperma
CarexDouglasii,Douglas Sedge,Carex douglasii
CarexDuriuscula,Needleleaf Sedge,Carex duriuscula
CarexFilifolia,Thread Leaved Sedge,Carex filifolia
CarexFoenea,Hay Sedge,Carex foenea
CarexGynocrates,Northern Bog Sedge,Carex gynocrates
CarexHoodii,Hood's Sedge,Carex hoodii
CarexHoughtoniana,Sand Sedge,Carex houghtoniana
CarexInopsSspHeliophila,Sun Loving Sedge,Carex inops
CarexInterior,Inland Sedge,Carex interior
CarexLacustris,Lakeshore Sedge,Carex lacustris
CarexLasiocarpa,Hairy Fruited Sedge,Carex lasiocarpa
CarexLeptalea,Bristle Stalked Sedge,Carex leptalea
CarexLimosa,Mud Sedge,Carex limosa
CarexLoliacea,Rye Grass Sedge,Carex loliacea
CarexMagellanica,Boreal Bog Sedge,Carex magellanica
CarexMedia,,Carex media
CarexMicroptera,Small Winged Sedge,Carex microptera
CarexNardina,Fragrant Sedge,Carex nardina
CarexObtusata,Blunt Sedge,Carex obtusata
CarexPauciflora,Few Flowered Sedge,Carex pauciflora
CarexPeckii,Peck's Sedge,Carex peckii
CarexPellita,Woolly Sedge,Carex pellita
CarexPetasata,Pasture Sedge,Carex petasata
CarexPraegracilis,Graceful Sedge,Carex praegracilis
CarexPrairea,Prairie Sedge,Carex prairea
CarexPraticola,Meadow Sedge,Carex praticola
CarexRaynoldsii,Raynold's Sedge,Carex raynoldsii
CarexRetrorsa,Turned Sedge,Carex retrorsa
CarexRichardsonii,Richardson's Sedge,Carex richardsonii
CarexRossii,Ross' Sedge,Carex rossii
CarexRostrata,Beaked Sedge,Carex rostrata
CarexRupestris,Rock Sedge,Carex rupestris
CarexSartwellii,Sartwell's Sedge,Carex sartwellii
CarexScirpoidea,Rush Like Sedge,Carex scirpoidea
CarexSiccata,Hay Sedge,Carex siccata
CarexSprengelii,Sprengel's Sedge,Carex sprengelii
CarexSychnocephala,Long Beaked Sedge,Carex sychnocephala
CarexTenera,Broad Fruited Sedge,Carex tenera
CarexTenuiflora,Thin Flowered Sedge,Carex tenuiflora
CarexTonsa,Bald Sedge,Carex tonsa
CarexTrisperma,Three Seeded Sedge,Carex trisperma
CarexUtriculata,Small Bottle Sedge,Carex utriculata
CarexVaginata,Sheathed Sedge,Carex vaginata
CarexViridula,Green Sedge,Carex viridula
CarexXerantica,White Scaled Sedge,Carex xerantica
CarumCarvi,Caraway,Carum carvi
CassiopeTetragona,White Mountain Heather,Cassiope tetragona
CastillejaHispida,Hispid Paintbrush,Castilleja hispida
CastillejaLutescens,Stiff Yellow Paintbrush,Castilleja lutescens
CastillejaMiniata,Common Red Paintbrush,Castilleja miniata
CastillejaOccidentalis,Lance Leaved Paintbrush,Castilleja occidentalis
CastillejaRaupii,Purple Paintbrush,Castilleja raupii
CerastiumArvense,Field Mouse Ear Chickweed,Cerastium arvense
CerastiumBeeringianum,Alpine Mouse Ear Chickweed,Cerastium beeringianum
CerastiumFontanum,Common Mouse Ear Chickweed,Cerastium fontanum
CerastiumNutans,Long Stalked Mouse Ear Chickweed,Cerastium nutans
CeratophyllumDemersum,Hornwort,Ceratophyllum demersum
ChamaedaphneCalyculata,Leatherleaf,Chamaedaphne calyculata
ChamaerhodosErecta,Chamaerhodos,Chamaerhodos erecta
ChamaesyceSerpyllifoliaSspSerpyllifolia,,Chamaesyce serpyllifolia
ChamerionAngustifolium,Fireweed,Chamerion angustifolium
ChamerionLatifolium,,Chamerion latifolium
ChenopodiumAlbum,Lamb's Quarters,Chenopodium album
ChenopodiumCapitatum,Strawberry Blite,Chenopodium capitatum
ChenopodiumFremontii,Fremont's Goosefoot,Chenopodium fremontii
ChenopodiumGlaucum,Oakleaf Goosefoot,Chenopodium glaucum
ChenopodiumLeptophyllum,Narrow Leaved Goosefoot,Chenopodium leptophyllum
ChenopodiumPratericola,Goosefoot,Chenopodium pratericola
ChenopodiumSimplex,Maple Leaved Goosefoot,Chenopodium simplex
ChimaphilaUmbellata,Prince,Chimaphila umbellata
ChrysospleniumIowense,Golden Saxifrage,Chrysosplenium iowense
ChrysospleniumTetrandrum,Green Saxifrage,Chrysosplenium tetrandrum
CichoriumIntybus,Chicory,Cichorium intybus
CicutaBulbifera,Bulb Bearing Water Hemlock,Cicuta bulbifera
CicutaMaculata,Water Hemlock,Cicuta maculata
CicutaVirosa,Narrow Leaved Water Hemlock,Cicuta virosa
CinnaLatifolia,Drooping Wood Reed,Cinna latifolia
CircaeaAlpina,Small Enchanter's Nightshade,Circaea alpina
CirsiumArvense,Creeping Thistle,Cirsium arvense
CirsiumDrummondii,Drummond's Thistle,Cirsium drummondii
CirsiumFlodmanii,Flodman's Thistle,Cirsium flodmanii
CirsiumFoliosum,Leafy Thistle,Cirsium foliosum
CirsiumUndulatum,Wavy Leaved Thistle,Cirsium undulatum
CirsiumVulgare,Bull Thistle,Cirsium vulgare
ClaytoniaLanceolata,Western Spring Beauty,Claytonia lanceolata
ClematisOccidentalis,Purple Clematis,Clematis occidentalis
CoeloglossumViride,,Coeloglossum viride
CollomiaLinearis,Narrow Leaved Collomia,Collomia linearis
ComandraUmbellata,Bastard Toadflax,Comandra umbellata
ComarumPalustre,Marsh Cinquefoil,Comarum palustre
ConvolvulusArvensis,Field Bindweed,Convolvulus arvensis
ConyzaCanadensis,Canadian Horseweed,Conyza canadensis
CoptisTrifolia,Goldthread,Coptis trifolia
CorallorrhizaMaculata,Spotted Coralroot,Corallorrhiza maculata
CorallorrhizaStriata,Striped Coralroot,Corallorrhiza striata
CorallorrhizaTrifida,Pale Coralroot,Corallorrhiza trifida
CorispermumHyssopifolium,Bugseed,Corispermum hyssopifolium
CorispermumPacificum,,Corispermum pacificum
CornusCanadensis,Bunchberry,Cornus canadensis
CornusSericea,Silky Dogwood,Cornus sericea
CorydalisAurea,Golden Corydalis,Corydalis aurea
CorydalisSempervirens,Pink Corydalis,Corydalis sempervirens
CorylusCornuta,Beaked Hazelnut,Corylus cornuta
CotoneasterLucidus,Hedge Cotoneaster,Cotoneaster lucidus
CrataegusChrysocarpa,Round Leaved Hawthorn,Crataegus chrysocarpa
CrepisElegans,Youngia,Crepis elegans
CrepisIntermedia,Intermediate Hawk's Beard,Crepis intermedia
CrepisOccidentalis,Small Flowered Hawk's Beard,Crepis occidentalis
CrepisRuncinata,Scapose Hawk's Beard,Crepis runcinata
CrepisTectorum,Annual Hawk's Beard,Crepis tectorum
CryptanthaCelosioides,Cocks Comb Cat's Eye,Cryptantha celosioides
CryptanthaFendleri,Fendler's Cryptanthe,Cryptantha fendleri
CryptogrammaAcrostichoides,Parsley Fern,Cryptogramma acrostichoides
CyclachaenaXanthifolia,,Cyclachaena xanthifolia
CynoglossumOfficinale,Hound's Tongue,Cynoglossum officinale
CypripediumAcaule,Stemless Lady's Slipper,Cypripedium acaule
CypripediumCalceolus,,Cypripedium calceolus
CypripediumPasserinum,Sparrow's Egg Lady's Slipper,Cypripedium passerinum
CystopterisFragilis,Fragile Bladder Fern,Cystopteris fragilis
DactylisGlomerata,Orchard Grass,Dactylis glomerata
DaleaCandida,White Prairie Clover,Dalea candida
DaleaPurpurea,Purple Prairie Clover,Dalea purpurea
DanthoniaCalifornica,California Oat Grass,Danthonia californica
DanthoniaIntermedia,Intermediate Oat Grass,Danthonia intermedia
DanthoniaParryi,Parry,Danthonia parryi
DasiphoraFloribunda,,Dasiphora floribunda
DasiphoraFruticosa,Shrubby Cinquefoil,Dasiphora fruticosa
DelphiniumBicolor,Low Larkspur,Delphinium bicolor
DelphiniumGlaucum,Tall Larkspur,Delphinium glaucum
DeschampsiaCespitosa,Tufted Hair Grass,Deschampsia cespitosa
DeschampsiaElongata,Slender Hair Grass,Deschampsia elongata
DescurainiaIncana,,Descurainia incana
DescurainiaPinnata,,Descurainia pinnata
DescurainiaSophia,Flixweed,Descurainia sophia
DichantheliumAcuminatum,Hot Springs Millet,Dichanthelium acuminatum
DiplotaxisMuralis,,Diplotaxis muralis
DistichlisSpicata,Salt Grass,Distichlis spicata
DodecatheonConjugens,,Dodecatheon conjugens
DodecatheonPulchellum,,Dodecatheon pulchellum
DoellingeriaUmbellataVarPubens,,Doellingeria umbellata
DrabaAurea,,Draba aurea
DrabaCana,,Draba cana
DrabaNemorosa,,Draba nemorosa
DracocephalumParviflorum,American Dragonhead,Dracocephalum parviflorum
DroseraAnglica,Oblong-leaved Sundew,Drosera anglica
DroseraRotundifolia,Round-leaved Sundew,Drosera rotundifolia
DryasDrummondii,Yellow Mountain Avens,Dryas drummondii
DryasOctopetala,White Mountain Avens,Dryas octopetala
DrymocallisArguta,Tall Cinquefoil,Drymocallis arguta
DryopterisCampyloptera,,Dryopteris campyloptera
DryopterisCarthusiana,Narrow Spinulose Shield Fern,Dryopteris carthusiana
DryopterisExpansa,Spreading Woodfern,Dryopteris expansa
EchinochloaCrusgalli,Barnyard Grass,Echinochloa crusgalli
ElaeagnusCommutata,Silverberry,Elaeagnus commutata
EleocharisAcicularis,Needle Spike Rush,Eleocharis acicularis
EleocharisErythropoda,Bald Spikerush,Eleocharis erythropoda
EleocharisPalustris,Creeping Spike Rush,Eleocharis palustris
EleocharisQuinqueflora,Few Flowered Spike Rush,Eleocharis quinqueflora
ElodeaCanadensis,Canada Waterweed,Elodea canadensis
ElymusAlbicans,,Elymus albicans
ElymusCanadensis,Canada Wild Rye,Elymus canadensis
ElymusElymoides,Brush Bottle Squirreltail,Elymus elymoides
ElymusGlaucus,Smooth Wild Rye,Elymus glaucus
ElymusLanceolatus,Northern Wheat Grass,Elymus lanceolatus
ElymusRepens,Quack Grass,Elymus repens
ElymusTrachycaulus,Slender Wheat Grass,Elymus trachycaulus
ElymusViolaceus,,Elymus violaceus
ElymusVirginicus,Virginia Wild Rye,Elymus virginicus
EmpetrumNigrum,Crowberry,Empetrum nigrum
EpilobiumCiliatum,Northern Willowherb,Epilobium ciliatum
EpilobiumGlaberrimum,Smooth Willowweed,Epilobium glaberrimum
EpilobiumLeptocarpum,Willowherb,Epilobium leptocarpum
EpilobiumLeptophyllum,Narrow Leaved Willowherb,Epilobium leptophyllum
EpilobiumPalustre,Marsh Willowherb,Epilobium palustre
EquisetumArvense,Common Horsetail,Equisetum arvense
EquisetumFluviatile,Swamp Horsetail,Equisetum fluviatile
EquisetumHyemale,Common Scouring Rush,Equisetum hyemale
EquisetumLaevigatum,Smooth Scouring Rush,Equisetum laevigatum
EquisetumPalustre,Marsh Horsetail,Equisetum palustre
EquisetumPratense,Meadow Horsetail,Equisetum pratense
EquisetumScirpoides,Dwarf Scouring Rush,Equisetum scirpoides
EquisetumSylvaticum,Woodland Horsetail,Equisetum sylvaticum
EquisetumVariegatum,Variegated Horsetail,Equisetum variegatum
EremogoneCongestaVarCongesta,,Eremogone congesta
EricameriaNauseosaVarNauseosa,,Ericameria nauseosa
ErigeronAcris,Northern Daisy Fleabane,Erigeron acris
ErigeronCaespitosus,Tufted Fleabane,Erigeron caespitosus
ErigeronCompositus,Compound Leaved Fleabane,Erigeron compositus
ErigeronElatus,Tall Fleabane,Erigeron elatus
ErigeronGlabellus,Smooth Fleabane,Erigeron glabellus
ErigeronLonchophyllus,Short Ray Fleabane,Erigeron lonchophyllus
ErigeronPeregrinus,Wandering Daisy,Erigeron peregrinus
ErigeronPhiladelphicus,Philadelphia Fleabane,Erigeron philadelphicus
ErigeronPumilus,Hairy Fleabane,Erigeron pumilus
ErigeronSpeciosus,Showy Fleabane,Erigeron speciosus
ErigeronTrifidus,Trifid Leaved Fleabane,Erigeron trifidus
EriogonumFlavum,Yellow Umbrella-plant,Eriogonum flavum
EriogonumOvalifoliumVarOvalifolium,Silver Plant,Eriogonum ovalifolium
EriophorumAngustifolium,Narrowleaf,Eriophorum angustifolium
EriophorumBrachyantherum,Close Sheathed Cotton Grass,Eriophorum brachyantherum
EriophorumCallitrix,Beautiful Cotton Grass,Eriophorum callitrix
EriophorumChamissonis,Russett Cotton Grass,Eriophorum chamissonis
EriophorumGracile,Slender Cotton Grass,Eriophorum gracile
EriophorumScheuchzeri,One Spike Cotton Grass,Eriophorum scheuchzeri
EriophorumVaginatum,Sheathed Cotton Grass,Eriophorum vaginatum
EriophorumViridicarinatum,Thin Leaved Cotton Grass,Eriophorum viridicarinatum
ErodiumCicutarium,Stork's Bill,Erodium cicutarium
ErucastrumGallicum,,Erucastrum gallicum
ErysimumCapitatumVarCapitatum,,Erysimum capitatum
ErysimumCheiranthoides,Wormseed Mustard,Erysimum cheiranthoides
ErysimumInconspicuum,Small-flowered Rocket,Erysimum inconspicuum
EscobariaViviparaVarVivipara,Cushion Cactus,Escobaria vivipara
EuphorbiaEsula,Leafy Spurge,Euphorbia esula
EuphorbiaSerpyllifolia,Thyme Leaved Spurge,Euphorbia serpyllifolia
EuphrasiaNemorosa,Common Eyebright,Euphrasia nemorosa
EurybiaConspicua,Showy Aster,Eurybia conspicua
EuthamiaGraminifoliaVarGraminifolia,Flat Topped Goldenrod,Euthamia graminifolia
FagopyrumTataricum,,Fagopyrum tataricum
FallopiaConvolvulus,,Fallopia convolvulus
FestucaAltaica,Northern Rough Fescue,Festuca altaica
FestucaBrachyphylla,Alpine Fescue,Festuca brachyphylla
FestucaCampestris,Big Rough Fescue,Festuca campestris
FestucaHallii,Plains Rough Fescue,Festuca hallii
FestucaIdahoensis,Bluebunch Fescue,Festuca idahoensis
FestucaOvina,Sheep Fescue,Festuca ovina
FestucaRubra,Red Fescue,Festuca rubra
FestucaSaximontana,Rocky Mountain Fescue,Festuca saximontana
FragariaVesca,Woodland Strawberry,Fragaria vesca
FragariaVirginiana,Wild Strawberry,Fragaria virginiana
FraxinusAmericana,White Ash,Fraxinus americana
FraxinusPennsylvanica,Green Ash,Fraxinus pennsylvanica
GaillardiaAristata,Gaillardia,Gaillardia aristata
GaleopsisTetrahit,Hemp Nettle,Galeopsis tetrahit
GaliumAparine,Cleavers,Galium aparine
GaliumBifolium,Two Leaved Bedstraw,Galium bifolium
GaliumBoreale,Northern Bedstraw,Galium boreale
GaliumLabradoricum,Labrador Bedstraw,Galium labradoricum
GaliumTrifidum,Small Bedstraw,Galium trifidum
GaliumTriflorum,Sweet Scented Bedstraw,Galium triflorum
GaultheriaHispidula,Creeping Snowberry,Gaultheria hispidula
GauraCoccinea,,Gaura coccinea
GentianaAffinis,Prairie Gentian,Gentiana affinis
GentianaAndrewsii,,Gentiana andrewsii
GentianellaAmarella,Felwort,Gentianella amarella
GeocaulonLividum,Northern Bastard Toadflax,Geocaulon lividum
GeraniumBicknellii,Bicknell's Geranium,Geranium bicknellii
GeraniumRichardsonii,Wild White Geranium,Geranium richardsonii
GeraniumViscosissimum,Sticky Purple Geranium,Geranium viscosissimum
GeumAleppicum,Yellow Avens,Geum aleppicum
GeumMacrophyllum,Large Leaved Yellow Avens,Geum macrophyllum
GeumRivale,Purple Avens,Geum rivale
GeumTriflorum,Three Flowered Avens,Geum triflorum
GlauxMaritima,,Glaux maritima
GlecomaHederacea,,Glecoma hederacea
GlyceriaBorealis,Northern Manna Grass,Glyceria borealis
GlyceriaGrandis,Common Tall Manna Grass,Glyceria grandis
GlyceriaPulchella,Graceful Manna Grass,Glyceria pulchella
GlyceriaStriata,Fowl Manna Grass,Glyceria striata
GlycyrrhizaLepidota,Wild Licorice,Glycyrrhiza lepidota
GnaphaliumPalustre,Marsh Cudweed,Gnaphalium palustre
GnaphaliumUliginosum,Low Cudweed,Gnaphalium uliginosum
GoodyeraOblongifolia,Rattlesnake Plantain,Goodyera oblongifolia
GoodyeraRepens,Lesser Rattlesnake Plantain,Goodyera repens
GracilariaBursapastoris,,Gracilaria bursa-pastoris
GratiolaNeglecta,Clammy Hedge Hyssop,Gratiola neglecta
GrindeliaSquarrosa,Gumweed,Grindelia squarrosa
GutierreziaSarothrae,Broomweed,Gutierrezia sarothrae
GymnocarpiumDryopteris,Oak Fern,Gymnocarpium dryopteris
GypsophilaPaniculata,Common Baby's Breath,Gypsophila paniculata
HackeliaDeflexaVarAmericana,Nodding Stickseed,Hackelia deflexa
HaleniaDeflexa,Spurred Gentian,Halenia deflexa
HedeomaHispidum,Pennyroyal,Hedeoma hispidum
HedysarumAlpinum,Alpine Hedysarum,Hedysarum alpinum
HedysarumBoreale,Northern Hedysarum,Hedysarum boreale
HedysarumSulphurescens,Yellow Hedysarum,Hedysarum sulphurescens
HeleniumAutumnale,Sneezeweed,Helenium autumnale
HelianthusAnnuus,Common Annual Sunflower,Helianthus annuus
HelianthusNuttallii,Common Tall Sunflower,Helianthus nuttallii
HelianthusPauciflorus,Stiff Sunflower,Helianthus pauciflorus
HelianthusPetiolaris,Prairie Sunflower,Helianthus petiolaris
HeracleumMaximum,Cow Parsnip,Heracleum maximum
HeracleumSphondyliumSspMontanum,Cow Parsnip,Heracleum sphondylium
HesperisMatronalis,,Hesperis matronalis
HesperostipaComata,Needle and Thread Grass,Hesperostipa comata
HesperostipaCurtiseta,Shortbristle Needle and Thread,Hesperostipa curtiseta
HesperostipaSpartea,,Hesperostipa spartea
HeterothecaVillosa,Golden Aster,Heterotheca villosa
HeucheraCylindrica,Sticky Alumroot,Heuchera cylindrica
HeucheraParviflora,,Heuchera parviflora
HeucheraParvifolia,Small Leaved Alumroot,Heuchera parvifolia
HeucheraRichardsonii,Richardson's Alumroot,Heuchera richardsonii
HieraciumAlbiflorum,White Hawkweed,Hieracium albiflorum
HieraciumAurantiacum,Orange Hawkweed,Hieracium aurantiacum
HieraciumTriste,Slender Hawkweed,Hieracium triste
HieraciumUmbellatum,Narrow Leaved Hawkweed,Hieracium umbellatum
HierochloeAlpinaSspAlpina,Alpine Sweet Grass,Hierochloe alpina
HierochloeOdorata,,Hierochloe odorata
HippophaeRhamnoides,Sea Buckthorn,Hippophae rhamnoides
HippurisVulgaris,Common Mare's Tail,Hippuris vulgaris
HordeumJubatum,Foxtail Barley,Hordeum jubatum
HordeumVulgare,Cultivated Barley,Hordeum vulgare
HoustoniaLongifolia,,Houstonia longifolia
HudsoniaTomentosa,Sand Heather,Hudsonia tomentosa
HymenoxysRichardsonii,Colorado Rubber Plant,Hymenoxys richardsonii
HypericumMajus,Large Canada St. John's Wort,Hypericum majus
ImpatiensCapensis,Spotted Touch Me Not,Impatiens capensis
ImpatiensNolitangere,Western Jewelweed,Impatiens noli-tangere
IpomoeaPurpurea,Common Morning Glory,Ipomoea purpurea
IrisMissouriensis,Western Blue Flag,Iris missouriensis
IsoetesEchinospora,Northern Quillwort,Isoetes echinospora
IvaAxillaris,Povertyweed,Iva axillaris
JuncusAlbescens,White Rush,Juncus albescens
JuncusAlpinoarticulatus,Alpine Rush,Juncus alpinoarticulatus
JuncusArcticusSspBalticus,,Juncus arcticus
JuncusBufonius,Toad Rush,Juncus bufonius
JuncusConfusus,Few Flowered Rush,Juncus confusus
JuncusDudleyi,Dudley's Rush,Juncus dudleyi
JuncusFiliformis,Thread Rush,Juncus filiformis
JuncusLongistylis,Long Styled Rush,Juncus longistylis
JuncusNodosus,Knotted Rush,Juncus nodosus
JuncusTenuis,Slender Rush,Juncus tenuis
JuncusVaseyi,Big Head Rush,Juncus vaseyi
JuniperusChinensis,Chinese Juniper,Juniperus chinensis
JuniperusCommunis,Ground Juniper,Juniperus communis
JuniperusHorizontalis,Creeping Juniper,Juniperus horizontalis
JuniperusSabina,Savin Juniper,Juniperus sabina
KalmiaMicrophylla,Mountain Laurel,Kalmia microphylla
KalmiaPolifolia,Northern Laurel,Kalmia polifolia
KobresiaSimpliciuscula,Simple Bog Sedge,Kobresia simpliciuscula
KochiaScoparia,Summer Cypress,Kochia scoparia
KoeleriaMacrantha,June Grass,Koeleria macrantha
KrascheninnikoviaLanata,Winter Fat,Krascheninnikovia lanata
LactucaBiennis,Tall Blue Lettuce,Lactuca biennis
LactucaSerriola,Prickly Lettuce,Lactuca serriola
LappulaOccidentalis,Western Bluebur,Lappula occidentalis
LappulaSquarrosa,Bluebur,Lappula squarrosa
LarixLaricina,Tamarack,Larix laricina
LathyrusOchroleucus,Cream Colored Vetchling,Lathyrus ochroleucus
LathyrusPalustris,Vetchling Peavine,Lathyrus palustris
LathyrusVenosus,Purple Peavine,Lathyrus venosus
LecheaIntermediaVarDepauperata,,Lechea intermedia
LemnaMinor,Common Duckweed,Lemna minor
LemnaTrisulca,Ivy Leaved Duckweed,Lemna trisulca
LemnaTurionifera,,Lemna turionifera
LensCulinaris,,Lens culinaris
LepidiumDensiflorum,Common Pepper-grass,Lepidium densiflorum
LepidiumRamosissimum,,Lepidium ramosissimum
LesquerellaAlpina,Spatulate Bladderpod,Lesquerella alpina
LesquerellaArenosa,,Lesquerella arenosa
LeucanthemumVulgare,Ox Eye Daisy,Leucanthemum vulgare
LeucophysalisGrandiflora,,Leucophysalis grandiflora
LeymusCinereus,Giant Wild Rye,Leymus cinereus
LeymusInnovatus,Hairy Wild Rye,Leymus innovatus
LiatrisLigulistylis,Meadow Blazingstar,Liatris ligulistylis
LiatrisPunctata,Dotted Blazingstar,Liatris punctata
LiliumColumbianum,,Lilium columbianum
LiliumPhiladelphicum,Western Wood Lily,Lilium philadelphicum
LimosellaAquatica,Mudwort,Limosella aquatica
LinariaDalmatica,Broad Leaved Toad Flax,Linaria dalmatica
LinariaVulgaris,Butter and Eggs,Linaria vulgaris
LinnaeaBorealis,Twinflower,Linnaea borealis
LinumLewisii,Wild Blue Flax,Linum lewisii
LinumPerenne,Blue Flax,Linum perenne
LinumRigidum,Yellow Flax,Linum rigidum
LinumUsitatissimum,Common Flax,Linum usitatissimum
LiparisLoeselii,Loesel's Twayblade,Liparis loeselii
ListeraBorealis,,Listera borealis
ListeraCordata,,Listera cordata
LithospermumIncisum,Narrow Leaved Puccoon,Lithospermum incisum
LithospermumRuderale,Woolly Gromwell,Lithospermum ruderale
LobeliaDortmanna,Water Lobelia,Lobelia dortmanna
LobeliaKalmii,Kalm's Lobelia,Lobelia kalmii
LogfiaArvensis,,Logfia arvensis
LoliumPerenne,Perennial Ryegrass,Lolium perenne
LoliumPersicum,Persian Darnel,Lolium persicum
LoliumPratense,Meadow Fescue,Lolium pratense
LomatiumDissectum,Mountain Wild Parsnip,Lomatium dissectum
LomatiumFoeniculaceum,Hairy Fruited Wild Parsley,Lomatium foeniculaceum
LomatiumMacrocarpum,Long Fruited Wild Parsley,Lomatium macrocarpum
LoniceraCaerulea,Fly Honeysuckle,Lonicera caerulea
LoniceraDioica,Twining Honeysuckle,Lonicera dioica
LoniceraInvolucrata,Bracted Honeysuckle,Lonicera involucrata
LoniceraTatarica,Tatarian Honeysuckle,Lonicera tatarica
LoniceraVillosa,,Lonicera villosa
LotusCorniculatus,Bird's Foot Trefoil,Lotus corniculatus
LupinusArgenteus,Silvery Perennial Lupine,Lupinus argenteus
LupinusNootkatensis,Nootka Lupine,Lupinus nootkatensis
LupinusPusillus,Annual Lupine,Lupinus pusillus
LupinusSericeus,Silky Perennial Lupine,Lupinus sericeus
LuzulaMultiflora,Field Wood Rush,Luzula multiflora
LuzulaParviflora,Small Flowered Wood Rush,Luzula parviflora
LycopodiumAlpinum,,Lycopodium alpinum
LycopodiumAnnotinum,Stiff Club Moss,Lycopodium annotinum
LycopodiumComplanatum,,Lycopodium complanatum
LycopodiumDendroideum,Treelike Clubmoss,Lycopodium dendroideum
LycopodiumLagopus,Running Club Moss,Lycopodium lagopus
LycopodiumSitchense,,Lycopodium sitchense
LycopusAmericanus,American Water Horehound,Lycopus americanus
LycopusAsper,Western Water Horehound,Lycopus asper
LycopusUniflorus,Northern Water Horehound,Lycopus uniflorus
LygodesmiaJuncea,Skeletonweed,Lygodesmia juncea
LysimachiaCiliata,Fringed Loosestrife,Lysimachia ciliata
LysimachiaHybrida,Lance Leaved Loosestrife,Lysimachia hybrida
LysimachiaThyrsiflora,Tufted Loosestrife,Lysimachia thyrsiflora
LythrumSalicaria,Purple Loosestrife,Lythrum salicaria
MacrothelypterisTorresiana,,Macrothelypteris torresiana
MaianthemumCanadense,Wild Lily Of The Valley,Maianthemum canadense
MaianthemumRacemosum,Solomon's Plume,Maianthemum racemosum
MaianthemumStellatum,Star Flowered Solomon's Seal,Maianthemum stellatum
MaianthemumTrifolium,Three Leaved Solomon's Seal,Maianthemum trifolium
MalaxisMonophyllos,White Adder's Mouth,Malaxis monophyllos
MalaxisPaludosa,Bog Adder's Mouth,Malaxis paludosa
MalvaNeglecta,,Malva neglecta
MarsileaVestita,Hairy Pepperwort,Marsilea vestita
MatricariaDiscoidea,Pineappleweed,Matricaria discoidea
MatricariaRecutita,Wild Chamomile,Matricaria recutita
MatteucciaStruthiopteris,Ostrich Fern,Matteuccia struthiopteris
MedicagoLupulina,Black Medick,Medicago lupulina
MedicagoSativa,Alfalfa,Medicago sativa
MelampyrumLineare,Cow Wheat,Melampyrum lineare
MelilotusAlba,,Melilotus alba
MelilotusOfficinalis,Yellow Sweet Clover,Melilotus officinalis
MenthaArvensis,Wild Mint,Mentha arvensis
MenthaSpicata,Spearmint,Mentha spicata
MenyanthesTrifoliata,Buck Bean,Menyanthes trifoliata
MenziesiaFerruginea,False Azalea,Menziesia ferruginea
MertensiaPaniculata,Tall Lungwort,Mertensia paniculata
MirabilisHirsuta,Hairy Umbrellawort,Mirabilis hirsuta
MirabilisLinearis,Narrowleaf Umbrella Wort,Mirabilis linearis
MitellaNuda,Bishop's Cap,Mitella nuda
MitellaPentandra,Bishop's Cap,Mitella pentandra
MitellaTrifida,Bishop's Cap,Mitella trifida
MoehringiaLateriflora,Blunt Leaved Sandwort,Moehringia lateriflora
MonardaBradburiana,Wild Bergamot,Monarda bradburiana
MonardaFistulosa,,Monarda fistulosa
MonesesUniflora,One Flowered Wintergreen,Moneses uniflora
MonolepisNuttalliana,Spear Leaved Goosefoot,Monolepis nuttalliana
MonotropaHypopithys,,Monotropa hypopithys
MonotropaUniflora,Indian Pipe,Monotropa uniflora
MuhlenbergiaAsperifolia,Scratch Grass,Muhlenbergia asperifolia
MuhlenbergiaCuspidata,Plains Muhly,Muhlenbergia cuspidata
MuhlenbergiaRichardsonis,Mat Muhly,Muhlenbergia richardsonis
MulgediumOblongifolium,Tartarian Lettuce,Mulgedium oblongifolium
MusineonDivaricatum,Leafy Musineon,Musineon divaricatum
MyosotisAsiatica,,Myosotis asiatica
MyricaGale,Sweet Gale,Myrica gale
MyriophyllumSibiricum,Spiked Water Milfoil,Myriophyllum sibiricum
MyriophyllumVerticillatum,Water Milfoil,Myriophyllum verticillatum
NajasFlexilis,Slender Naiad,Najas flexilis
NassellaViridula,Green Needlegrass,Nassella viridula
NesliaPaniculata,Ball Mustard,Neslia paniculata
NupharLutea,Yellow Pond Lily,Nuphar lutea
NupharVariegata,Yellow Pond-lily,Nuphar variegata
OenotheraBiennis,Yellow Evening Primrose,Oenothera biennis
OenotheraNuttallii,White Evening Primrose,Oenothera nuttallii
OenotheraSerrulata,,Oenothera serrulata
OnobrychisViciifolia,Sainfoin,Onobrychis viciifolia
OnosmodiumMolle,Western False Gromwell,Onosmodium molle
OplopanaxHorridus,Devil's Club,Oplopanax horridus
OpuntiaFragilis,Brittle Prickly Pear,Opuntia fragilis
OpuntiaPolyacantha,Prickly Pear,Opuntia polyacantha
OrobancheFasciculata,Clustered Broom Rape,Orobanche fasciculata
OrthiliaSecunda,One Sided Wintergreen,Orthilia secunda
OrthocarpusLuteus,Owl Clover,Orthocarpus luteus
OryzopsisAsperifolia,White Grained Mountain Rice Grass,Oryzopsis asperifolia
OsmorhizaBerteroi,Chilean Sweet Cicely,Osmorhiza berteroi
OsmorhizaDepauperata,Spreading Sweet Cicely,Osmorhiza depauperata
OsmorhizaLongistylis,Smooth Sweet Cicely,Osmorhiza longistylis
OsmorhizaOccidentalis,Western Sweet Cicely,Osmorhiza occidentalis
OxyriaDigyna,,Oxyria digyna
OxytropisBorealisVarViscida,Sticky Crazyweed,Oxytropis borealis
OxytropisCampestris,Field Locoweed,Oxytropis campestris
OxytropisDeflexa,Reflexed Locoweed,Oxytropis deflexa
OxytropisMonticola,,Oxytropis monticola
OxytropisPodocarpa,Inflated Oxytrope,Oxytropis podocarpa
OxytropisSericea,Early Yellow Locoweed,Oxytropis sericea
OxytropisSplendens,Showy Locoweed,Oxytropis splendens
PackeraCana,Woolly Groundsel,Packera cana
PackeraIndecora,,Packera indecora
PackeraPauciflora,Few Flower Ragwort,Packera pauciflora
PackeraPaupercula,Balsam Groundsel,Packera paupercula
PackeraStreptanthifolia,Northern Ragwort,Packera streptanthifolia
ParnassiaFimbriata,Fringed Grass Of Parnassus,Parnassia fimbriata
ParnassiaKotzebuei,Small Grass Of Parnassus,Parnassia kotzebuei
ParnassiaPalustris,Northern Grass Of Parnassus,Parnassia palustris
ParonychiaSessiliflora,Low Whitlow Wort,Paronychia sessiliflora
PascopyrumSmithii,Western Wheat Grass,Pascopyrum smithii
PastinacaSativa,Parsnip,Pastinaca sativa
PedicularisBracteosa,Western Lousewort,Pedicularis bracteosa
PedicularisCapitata,Large Flowered Lousewort,Pedicularis capitata
PedicularisGroenlandica,Elephant's Head,Pedicularis groenlandica
PedicularisLabradorica,Labrador Lousewort,Pedicularis labradorica
PedicularisParviflora,Swamp Lousewort,Pedicularis parviflora
PediomelumArgophyllum,Silvery Scurfpea,Pediomelum argophyllum
PediomelumEsculentum,Indian Breadroot,Pediomelum esculentum
PenstemonAlbertinus,Blue Beardtongue,Penstemon albertinus
PenstemonAlbidus,White Beardtongue,Penstemon albidus
PenstemonConfertus,Yellow Beardtongue,Penstemon confertus
PenstemonEllipticus,Creeping Beardtongue,Penstemon ellipticus
PenstemonGracilis,Lilac Flowered Beardtongue,Penstemon gracilis
PenstemonNitidus,Smooth Blue Beardtongue,Penstemon nitidus
PenstemonProcerus,Slender Blue Beardtongue,Penstemon procerus
PeritomaSerrulata,,Peritoma serrulata
PersicariaAmphibia,,Persicaria amphibia
PersicariaLapathifolia,Pale Persicaria,Persicaria lapathifolia
PetasitesFrigidus,Arctic Sweet Coltsfoot,Petasites frigidus
PetuniaHybrida,,Petunia hybrida
PhalarisArundinacea,Reed Canary Grass,Phalaris arundinacea
PhaseolusVulgaris,Kidney Bean,Phaseolus vulgaris
PhleumAlpinum,Mountain Timothy,Phleum alpinum
PhleumPratense,Timothy,Phleum pratense
PhloxAlyssifolia,Blue Phlox,Phlox alyssifolia
PhloxHoodii,Moss Phlox,Phlox hoodii
PhragmitesAustralis,Reed,Phragmites australis
PhyllodoceEmpetriformis,Red Heather,Phyllodoce empetriformis
PiceaEngelmannii,Engelmann Spruce,Picea engelmannii
PiceaGlauca,White Spruce,Picea glauca
PiceaMariana,Black Spruce,Picea mariana
PiceaPungens,Blue Spruce,Picea pungens
PicradeniopsisOppositifolia,Picradeniopsis,Picradeniopsis oppositifolia
PinusBanksiana,Jack Pine,Pinus banksiana
PinusContorta,Lodgepole Pine,Pinus contorta
PinusSylvestris,Scots Pine,Pinus sylvestris
PinusMurraybanksiana,Lodgepole X Jack Pine,Pinus murraybanksiana
PiptatherumPungens,Northern Rice Grass,Piptatherum pungens
PisumSativum,Garden Pea,Pisum sativum
PlagiobothrysScouleri,Scouler's Allocarya,Plagiobothrys scouleri
PlantagoEriopoda,Saline Plantain,Plantago eriopoda
PlantagoMajor,Common Plantain,Plantago major
PlantagoPatagonica,Pursh's Plantain,Plantago patagonica
PlatantheraDilatata,Tall White Bog Orchid,Platanthera dilatata
PlatantheraHuronensis,,Platanthera huronensis
PlatantheraHyperborea,Northern Green Bog Orchid,Platanthera hyperborea
PlatantheraObtusata,Blunt Leaved Bog Orchid,Platanthera obtusata
PlatantheraOrbiculata,Round Leaved Bog Orchid,Platanthera orbiculata
PoaAlpina,Alpine Bluegrass,Poa alpina
PoaAnnua,Annual Bluegrass,Poa annua
PoaArctica,Arctic Bluegrass,Poa arctica
PoaArida,Plains Bluegrass,Poa arida
PoaCompressa,Canada Bluegrass,Poa compressa
PoaCusickii,Early Bluegrass,Poa cusickii
PoaGlauca,Timberline Bluegrass,Poa glauca
PoaInterior,Inland Bluegrass,Poa interior
PoaPalustris,Fowl Bluegrass,Poa palustris
PoaPratensis,Kentucky Bluegrass,Poa pratensis
PoaSecunda,Sandberg Bluegrass,Poa secunda
PolemoniumAcutiflorum,,Polemonium acutiflorum
PolemoniumPulcherrimum,Showy Jacob's Ladder,Polemonium pulcherrimum
PolygalaSenega,Seneca Snakeroot,Polygala senega
PolygonumAmphibiumVarEmersum,,Polygonum amphibium
PolygonumAviculare,Knotweed,Polygonum aviculare
PolygonumErectum,Striate Knotweed,Polygonum erectum
PolypodiumHesperium,Western Polypody,Polypodium hesperium
PolypodiumVirginianum,Rock Polypody,Polypodium virginianum
PolypogonMonspeliensis,Rabbitfoot Grass,Polypogon monspeliensis
PopulusAngustifolia,Narrow Leaf Cottonwood,Populus angustifolia
PopulusBalsamifera,Balsam Poplar,Populus balsamifera
PopulusDeltoides,Plains Cottonwood,Populus deltoides
PopulusGrandidentata,,Populus grandidentata
PopulusNigra,Black Poplar,Populus nigra
PopulusTremuloides,Trembling Aspen,Populus tremuloides
PotamogetonAlpinus,Alpine Pondweed,Potamogeton alpinus
PotamogetonFriesii,Fries' Pondweed,Potamogeton friesii
PotamogetonGramineus,Various Leaved Pondweed,Potamogeton gramineus
PotamogetonPusillus,Small Leaf Pondweed,Potamogeton pusillus
PotamogetonRichardsonii,Clasping Leaf Pondweed,Potamogeton richardsonii
PotamogetonZosteriformis,Flat Stemmed Pondweed,Potamogeton zosteriformis
PotentillaAnserina,Silverweed,Potentilla anserina
PotentillaArgentea,Silvery Cinquefoil,Potentilla argentea
PotentillaBimundorum,Branched Cinquefoil,Potentilla bimundorum
PotentillaBipinnatifida,Plains Cinquefoil,Potentilla bipinnatifida
PotentillaConcinna,Early Cinquefoil,Potentilla concinna
PotentillaFlabellifolia,Fan Leaf Cinquefoil,Potentilla flabellifolia
PotentillaGlaucophylla,,Potentilla glaucophylla
PotentillaGracilis,Graceful Cinquefoil,Potentilla gracilis
PotentillaHippiana,Woolly Cinquefoil,Potentilla hippiana
PotentillaNivea,Snow Cinquefoil,Potentilla nivea
PotentillaNorvegica,Rough Cinquefoil,Potentilla norvegica
PotentillaPensylvanica,Prairie Cinquefoil,Potentilla pensylvanica
PotentillaRivalis,Brook Cinquefoil,Potentilla rivalis
PotentillaSupinaSspParadoxa,,Potentilla supina
PrimulaIncana,Mealy Primrose,Primula incana
ProsartesTrachycarpa,Rough Fruited Mandarin,Prosartes trachycarpa
PrunusAmericana,,Prunus americana
PrunusPensylvanica,Pin Cherry,Prunus pensylvanica
PrunusVirginiana,Choke Cherry,Prunus virginiana
PsathyrostachysJuncea,Russian Wild Rye,Psathyrostachys juncea
PseudoroegneriaSpicata,Bluebunch Wheatgrass,Pseudoroegneria spicata
PsoralidiumLanceolatum,Scurf Pea,Psoralidium lanceolatum
PteridiumAquilinum,Bracken Fern,Pteridium aquilinum
PuccinelliaDistans,Slender Salt Meadow Grass,Puccinellia distans
PuccinelliaNuttalliana,Nuttall's Salt Meadow Grass,Puccinellia nuttalliana
PyrolaAsarifolia,Common Pink Wintergreen,Pyrola asarifolia
PyrolaChlorantha,Greenish Flowered Wintergreen,Pyrola chlorantha
PyrolaElliptica,White Wintergreen,Pyrola elliptica
PyrolaMinor,Lesser Wintergreen,Pyrola minor
QuercusAlba,White Oak,Quercus alba
RanunculusAbortivus,Small Flowered Buttercup,Ranunculus abortivus
RanunculusAcris,Tall Buttercup,Ranunculus acris
RanunculusAquatilis,Large Leaved White Water Crowfoot,Ranunculus aquatilis
RanunculusCardiophyllus,Heart Leaved Buttercup,Ranunculus cardiophyllus
RanunculusCymbalaria,Seaside Buttercup,Ranunculus cymbalaria
RanunculusEschscholtzii,Mountain Buttercup,Ranunculus eschscholtzii
RanunculusGmelinii,Yellow Water Crowfoot,Ranunculus gmelinii
RanunculusLapponicus,Lapland Buttercup,Ranunculus lapponicus
RanunculusLongirostris,,Ranunculus longirostris
RanunculusMacounii,Macoun's Buttercup,Ranunculus macounii
RanunculusPedatifidus,Northern Buttercup,Ranunculus pedatifidus
RanunculusPensylvanicus,Bristly Buttercup,Ranunculus pensylvanicus
RanunculusRepens,Creeping Buttercup,Ranunculus repens
RanunculusSceleratus,Celery Leaved Buttercup,Ranunculus sceleratus
RanunculusUncinatus,Hairy Buttercup,Ranunculus uncinatus
RatibidaColumnifera,Prairie Coneflower,Ratibida columnifera
RhamnusAlnifolia,Alder Leaved Buckthorn,Rhamnus alnifolia
RheumRhabarbarum,,Rheum rhabarbarum
RhinanthusMinor,Yellow Rattle,Rhinanthus minor
RhododendronAlbiflorum,White Flowered Rhododendron,Rhododendron albiflorum
RhododendronGroenlandicum,Common Labrador Tea,Rhododendron groenlandicum
RhododendronTomentosum,Marsh Labrador Tea,Rhododendron tomentosum
RibesAmericanum,Wild Black Currant,Ribes americanum
RibesAureum,Golden Currant,Ribes aureum
RibesGlandulosum,Skunk Currant,Ribes glandulosum
RibesHirtellum,Wild Gooseberry,Ribes hirtellum
RibesHudsonianum,Northern Black Currant,Ribes hudsonianum
RibesInerme,Mountain Gooseberry,Ribes inerme
RibesLacustre,Bristly Black Currant,Ribes lacustre
RibesOxyacanthoides,Northern Gooseberry,Ribes oxyacanthoides
RibesTriste,Wild Red Currant,Ribes triste
RorippaPalustris,Marsh Yellow Cress,Rorippa palustris
RorippaSylvestris,,Rorippa sylvestris
RosaAcicularis,Prickly Rose,Rosa acicularis
RosaArkansana,Prairie Rose,Rosa arkansana
RosaRugosa,,Rosa rugosa
RosaWoodsii,Common Wild Rose,Rosa woodsii
RubusArcticus,Dwarf Raspberry,Rubus arcticus
RubusChamaemorus,Cloudberry,Rubus chamaemorus
RubusIdaeus,Wild Red Raspberry,Rubus idaeus
RubusParviflorus,Thimbleberry,Rubus parviflorus
RubusPedatus,Dwarf Bramble,Rubus pedatus
RubusPubescens,Dewberry,Rubus pubescens
RumexAcetosella,,Rumex acetosella
RumexAquaticus,,Rumex aquaticus
RumexBritannica,Water Dock,Rumex britannica
RumexConfertus,,Rumex confertus
RumexCrispus,Curled Dock,Rumex crispus
RumexFueginus,,Rumex fueginus
RumexOccidentalis,Western Dock,Rumex occidentalis
RumexPseudonatronatus,,Rumex pseudonatronatus
RumexSalicifolius,Willow Dock,Rumex salicifolius
RumexStenophyllus,,Rumex stenophyllus
RumexTriangulivalvis,,Rumex triangulivalvis
RumexVenosus,,Rumex venosus
SagittariaCuneata,Arum Leaved Arrowhead,Sagittaria cuneata
SagittariaLatifolia,Broad Leaved Arrowhead,Sagittaria latifolia
SalixAlaxensis,Alaska Willow,Salix alaxensis
SalixArbusculoides,Shrubby Willow,Salix arbusculoides
SalixArctophila,Arctic Willow,Salix arctophila
SalixAthabascensis,Athabasca Willow,Salix athabascensis
SalixBarclayi,Barclay,Salix barclayi
SalixBebbiana,Beaked Willow,Salix bebbiana
SalixBoothii,Booth's Willow,Salix boothii
SalixBrachycarpa,Short Capsuled Willow,Salix brachycarpa
SalixCandida,Hoary Willow,Salix candida
SalixDiscolor,Pussy Willow,Salix discolor
SalixDrummondiana,Drummond's Willow,Salix drummondiana
SalixExigua,Sandbar Willow,Salix exigua
SalixFarriae,Farr,Salix farriae
SalixGlauca,Smooth Willow,Salix glauca
SalixInterior,,Salix interior
SalixLasiandraVarCaudata,Shining Willow,Salix lasiandra
SalixLucida,Shining Willow,Salix lucida
SalixLutea,Yellow Willow,Salix lutea
SalixMaccalliana,Velvet Fruited Willow,Salix maccalliana
SalixMelanopsis,Willow,Salix melanopsis
SalixMyrtillifolia,Myrtle Leaved Willow,Salix myrtillifolia
SalixPedicellaris,Bog Willow,Salix pedicellaris
SalixPetiolaris,Basket Willow,Salix petiolaris
SalixPlanifolia,Flat Leaved Willow,Salix planifolia
SalixProlixa,Mackenzie's Willow,Salix prolixa
SalixPseudomonticola,False Mountain Willow,Salix pseudomonticola
SalixPseudomyrsinites,Firmleaf Willow,Salix pseudomyrsinites
SalixPyrifolia,Balsam Willow,Salix pyrifolia
SalixReticulata,Snow Willow,Salix reticulata
SalixScouleriana,Scouler's Willow,Salix scouleriana
SalixSerissima,Autumn Willow,Salix serissima
SalixStolonifera,Willow,Salix stolonifera
SalixVestita,Rock Willow,Salix vestita
SalsolaTragus,Prickly Russian Thistle,Salsola tragus
SambucusRacemosa,Red Elderberry,Sambucus racemosa
SaniculaMarilandica,Snakeroot,Sanicula marilandica
SarcobatusVermiculatus,Greasewood,Sarcobatus vermiculatus
SarraceniaPurpurea,Pitcher-plant,Sarracenia purpurea
SaussureaNuda,Dwarf Saw Wort,Saussurea nuda
SaxifragaCernua,Nodding Saxifrage,Saxifraga cernua
SaxifragaCespitosa,,Saxifraga cespitosa
SaxifragaOccidentalis,Rhomboid Leaved Saxifrage,Saxifraga occidentalis
SaxifragaOppositifolia,Purple Saxifrage,Saxifraga oppositifolia
SaxifragaTricuspidata,Three Toothed Saxifrage,Saxifraga tricuspidata
SchedonnardusPaniculatus,,Schedonnardus paniculatus
SchedonorusPratensis,Meadow Fescue,Schedonorus pratensis
ScheuchzeriaPalustris,Scheuchzeria,Scheuchzeria palustris
SchizachnePurpurascens,Purple Oat Grass,Schizachne purpurascens
SchoenoplectusAcutus,Great Bulrush,Schoenoplectus acutus
SchoenoplectusPungens,Common Threesquare,Schoenoplectus pungens
SchoenoplectusTabernaemontani,Common Great Bulrush,Schoenoplectus tabernaemontani
ScirpusCyperinus,Wool Grass,Scirpus cyperinus
ScirpusMicrocarpus,Small Fruited Bulrush,Scirpus microcarpus
ScolochloaFestucacea,Spangletop,Scolochloa festucacea
ScutellariaGalericulata,Marsh Skullcap,Scutellaria galericulata
SedumLanceolatum,Lance Leaved Stonecrop,Sedum lanceolatum
SelaginellaDensa,Prairie Selaginella,Selaginella densa
SenecioEremophilus,Cut Leaved Ragwort,Senecio eremophilus
SenecioHydrophiloides,,Senecio hydrophiloides
SenecioIntegerrimus,Entire Leaved Groundsel,Senecio integerrimus
SenecioLugens,Black Tipped Groundsel,Senecio lugens
SenecioTriangularis,Brook Ragwort,Senecio triangularis
SenecioVulgaris,Common Groundsel,Senecio vulgaris
SetariaPumilaSspPallidifusca,Yellow Foxtail,Setaria pumila
SetariaViridis,Green Foxtail,Setaria viridis
ShepherdiaArgentea,Thorny Buffaloberry,Shepherdia argentea
ShepherdiaCanadensis,Canada Buffaloberry,Shepherdia canadensis
ShinnersoserisRostrata,Annual Skeletonweed,Shinnersoseris rostrata
SibbaldiaProcumbens,Sibbaldia,Sibbaldia procumbens
SibbaldiopsisTridentata,Three Toothed Cinquefoil,Sibbaldiopsis tridentata
SileneAcaulis,Moss Campion,Silene acaulis
SileneDrummondii,Drummond's Cockle,Silene drummondii
SileneLatifolia,Bladder Campion,Silene latifolia
SileneMenziesii,Menzies' Catchfly,Silene menziesii
SileneNoctiflora,Night Flowering Catchfly,Silene noctiflora
SileneUralensis,Nodding Campion,Silene uralensis
SinapisAlba,,Sinapis alba
SinapisArvensis,,Sinapis arvensis
SisymbriumAltissimum,Tumbling Mustard,Sisymbrium altissimum
SisymbriumLoeselii,,Sisymbrium loeselii
SisyrinchiumMontanum,Common Blue Eyed Grass,Sisyrinchium montanum
SisyrinchiumSeptentrionale,Pale Blue Eyed Grass,Sisyrinchium septentrionale
SiumSuave,Water Parsnip,Sium suave
SmelowskiaCalycina,,Smelowskia calycina
SolanumTriflorum,Wild Tomato,Solanum triflorum
SolanumTuberosum,Irish Potato,Solanum tuberosum
SolidagoAltissima,Canada Goldenrod,Solidago altissima
SolidagoCanadensis,Canada Goldenrod,Solidago canadensis
SolidagoGigantea,Late Goldenrod,Solidago gigantea
SolidagoLepida,,Solidago lepida
SolidagoMissouriensis,Low Goldenrod,Solidago missouriensis
SolidagoMollis,Velvety Goldenrod,Solidago mollis
SolidagoMultiradiata,Alpine Goldenrod,Solidago multiradiata
SolidagoNemoralis,Showy Goldenrod,Solidago nemoralis
SolidagoRigida,Stiff Goldenrod,Solidago rigida
SolidagoSimplex,Mt. Albert Goldenrod,Solidago simplex
SonchusArvensis,Perennial Sow Thistle,Sonchus arvensis
SonchusAsper,Prickly Annual Sow Thistle,Sonchus asper
SonchusOleraceus,Annual Sow Thistle,Sonchus oleraceus
SorbusAucuparia,European Mountain Ash,Sorbus aucuparia
SorbusScopulina,Western Mountain Ash,Sorbus scopulina
SparganiumAngustifolium,Narrow Leaved Bur Reed,Sparganium angustifolium
SparganiumEurycarpum,Giant Bur Reed,Sparganium eurycarpum
SpartinaGracilis,Alkali Cord Grass,Spartina gracilis
SpergulaArvensis,,Spergula arvensis
SphaeralceaCoccinea,Scarlet Mallow,Sphaeralcea coccinea
SphenopholisIntermedia,Slender Wedge Grass,Sphenopholis intermedia
SpiraeaAlba,Narrow Leaved Meadowsweet,Spiraea alba
SpiraeaBetulifoliaVarLucida,,Spiraea betulifolia
SpiranthesRomanzoffiana,Hooded Ladies' Tresses,Spiranthes romanzoffiana
SpirodelaPolyrhiza,Larger Duckweed,Spirodela polyrhiza
SporobolusCryptandrus,Sand Dropseed,Sporobolus cryptandrus
SporobolusNeglectus,Annual Dropseed,Sporobolus neglectus
StachysPalustris,Marsh Hedge Nettle,Stachys palustris
StellariaBorealis,Northern Stitchwort,Stellaria borealis
StellariaCalycantha,Northern Stitchwort,Stellaria calycantha
StellariaCrassifolia,Fleshy Stitchwort,Stellaria crassifolia
StellariaCrispa,Wavy Leaved Chickweed,Stellaria crispa
StellariaLongifolia,Long Leaved Chickweed,Stellaria longifolia
StellariaLongipes,Long Stalked Chickweed,Stellaria longipes
StellariaMedia,Common Chickweed,Stellaria media
StenanthiumOccidentale,,Stenanthium occidentale
StreptopusAmplexifolius,Clasping Leaved Twisted Stalk,Streptopus amplexifolius
StuckeniaFiliformisSspFiliformis,Thread Leaved Pondweed,Stuckenia filiformis
StuckeniaPectinata,Sago Pondweed,Stuckenia pectinata
StuckeniaVaginata,Large Sheath Pondweed,Stuckenia vaginata
SuaedaCalceoliformis,Western Sea Blite,Suaeda calceoliformis
SymphoricarposAlbus,Snowberry,Symphoricarpos albus
SymphoricarposOccidentalis,Buckbrush,Symphoricarpos occidentalis
SymphyotrichumAscendens,Western Aster,Symphyotrichum ascendens
SymphyotrichumBoreale,Marsh Aster,Symphyotrichum boreale
SymphyotrichumCiliatum,Rayless Aster,Symphyotrichum ciliatum
SymphyotrichumCiliolatum,Lindley's Aster,Symphyotrichum ciliolatum
SymphyotrichumEatonii,Eaton's Aster,Symphyotrichum eatonii
SymphyotrichumEricoides,White Heath Aster,Symphyotrichum ericoides
SymphyotrichumFalcatum,White Prairie Aster,Symphyotrichum falcatum
SymphyotrichumLaeve,Smooth Blue Aster,Symphyotrichum laeve
SymphyotrichumLanceolatumSspHesperium,,Symphyotrichum lanceolatum
SymphyotrichumPuniceum,Swamp Aster,Symphyotrichum puniceum
SymphyotrichumSubspicatum,,Symphyotrichum subspicatum
SyringaReticulata,Japanese Tree Lilac,Syringa reticulata
SyringaVulgaris,Lilac,Syringa vulgaris
TanacetumBipinnatum,Lake Huron Tansy,Tanacetum bipinnatum
TanacetumVulgare,Common Tansy,Tanacetum vulgare
TaraxacumCeratophorum,Northern Dandelion,Taraxacum ceratophorum
TaraxacumOfficinale,Common Dandelion,Taraxacum officinale
TephroserisPalustris,Marsh Ragwort,Tephroseris palustris
ThalictrumDasycarpum,Tall Meadow Rue,Thalictrum dasycarpum
ThalictrumOccidentale,Western Meadow Rue,Thalictrum occidentale
ThalictrumSparsiflorum,Flat Fruited Meadow Rue,Thalictrum sparsiflorum
ThalictrumVenulosum,Veiny Meadow Rue,Thalictrum venulosum
ThermopsisRhombifolia,Golden Bean,Thermopsis rhombifolia
ThinopyrumIntermedium,Intermediate Wheatgrass,Thinopyrum intermedium
ThlaspiArvense,Stinkweed,Thlaspi arvense
ThujaPlicata,Western Red Cedar,Thuja plicata
TiarellaTrifoliata,Laceflower,Tiarella trifoliata
TragopogonDubius,Common Goat's Beard,Tragopogon dubius
TragopogonPratensis,Meadow Goat,Tragopogon pratensis
TrianthaGlutinosa,,Triantha glutinosa
TrichophorumAlpinum,Hudson Bay Bulrush,Trichophorum alpinum
TrichophorumCaespitosum,,Trichophorum caespitosum
TrientalisBorealis,Northern Starflower,Trientalis borealis
TrientalisEuropaea,Arctic Starflower,Trientalis europaea
TrifoliumHybridum,Alsike Clover,Trifolium hybridum
TrifoliumOliganthum,,Trifolium oliganthum
TrifoliumPratense,Red Clover,Trifolium pratense
TrifoliumRepens,White Clover,Trifolium repens
TriglochinMaritima,Seaside Arrow Grass,Triglochin maritima
TriglochinPalustre,Slender Arrow Grass,Triglochin palustre
TripleurospermumInodorum,Scentless Chamomile,Tripleurospermum inodorum
TrisetumSpicatum,Spike Trisetum,Trisetum spicatum
TriticumAestivum,Common Wheat,Triticum aestivum
TrolliusLaxus,Spreading Globeflower,Trollius laxus
TurritisGlabra,,Turritis glabra
TyphaLatifolia,Common Cattail,Typha latifolia
UlmusAmericana,American Elm,Ulmus americana
UlmusPumila,Siberian Elm,Ulmus pumila
UrticaDioica,Common Nettle,Urtica dioica
UtriculariaIntermedia,Flat Leaved Bladderwort,Utricularia intermedia
UtriculariaMacrorhiza,,Utricularia macrorhiza
UtriculariaMinor,Small Bladderwort,Utricularia minor
UtriculariaVulgarisSspMacrorhiza,Common Bladderwort,Utricularia vulgaris
VaccariaHispanica,Cow Cockle,Vaccaria hispanica
VacciniumAngustifolium,,Vaccinium angustifolium
VacciniumCaespitosum,,Vaccinium caespitosum
VacciniumMembranaceum,Tall Bilberry,Vaccinium membranaceum
VacciniumMyrtilloides,Common Blueberry,Vaccinium myrtilloides
VacciniumOxycoccos,Small Bog Cranberry,Vaccinium oxycoccos
VacciniumScoparium,Grouseberry,Vaccinium scoparium
VacciniumUliginosum,Bog Bilberry,Vaccinium uliginosum
VacciniumVitisidaea,Bog Cranberry,Vaccinium vitis-idaea
ValerianaDioica,Northern Valerian,Valeriana dioica
ValerianaSitchensis,Mountain Valerian,Valeriana sitchensis
VeratrumViride,,Veratrum viride
VerbenaBracteata,Carpet Vervain,Verbena bracteata
VeronicaAmericana,American Brooklime,Veronica americana
VeronicaPeregrina,Hairy Speedwell,Veronica peregrina
VeronicaScutellata,Marsh Speedwell,Veronica scutellata
VeronicaSerpyllifolia,Thyme Leaved Speedwell,Veronica serpyllifolia
ViburnumEdule,Low Bush Cranberry,Viburnum edule
ViburnumOpulus,High Bush Cranberry,Viburnum opulus
ViciaAmericana,Wild Vetch,Vicia americana
ViciaCracca,Tufted Vetch,Vicia cracca
ViolaAdunca,Early Blue Violet,Viola adunca
ViolaAffinis,,Viola affinis
ViolaCanadensis,Western Canada Violet,Viola canadensis
ViolaNuttallii,Yellow Prairie Violet,Viola nuttallii
ViolaPalustris,Marsh Violet,Viola palustris
ViolaRenifolia,Kidney Leaved Violet,Viola renifolia
ViolaSororia,Common Blue Violet,Viola sororia
ViolaTricolor,Pansy,Viola tricolor
VulpiaOctoflora,Six Weeks Fescue,Vulpia octoflora
WoodsiaIlvensis,Rusty Woodsia,Woodsia ilvensis
ElyhordeumMacounii,Macoun's Wild Rye,Elyhordeum macounii
XanthismaSpinulosum,,Xanthisma spinulosum
XanthiumStrumarium,Cocklebur,Xanthium strumarium
ZeaMays,Corn,Zea mays
ZigadenusElegans,White Camas,Zigadenus elegans
ZigadenusVenenosus,,Zigadenus venenosus
ZiziaAptera,Heart Leaved Alexanders,Zizia aptera
